id,created_at,text,fav,RT
952039266976018432,2018-01-13 04:47:03,BTCのdifficulty15％UP濃厚。マイナー側はBCH価格を釣り上げBCHへパワーを移していくのが経済合理性にかなう行動と私は思います。個人的には同枚数保持が基本ですが現在BTC:BCH=1:5（狂気）。ただ素直すぎる捉え… https://t.co/RIZFhL4tsi,90,28
951632173919956992,2018-01-12 01:49:25,もう一つアンケをさせて頂きます。全体的な年齢層を知りたいので、上から順に見て最初に当てはまるものにポチってください。,38,31
951626024973815808,2018-01-12 01:24:59,いまの貴方の見方はどれに近いですか？投票期間(今から3時間)参考:おおよその現在値BTC 161万円ETH 13.8万円XRP 230円XEM 145円LSK 3000円LTC 2.8万円BCH 29.8万円,36,22
951616880069849090,2018-01-12 00:48:39,【相場格言】他人が絶望して売っている時に買い、他人が貪欲に買っている時に売るのは、強靭な精神力が必要だけれども、最後には最高の報いが得られる - Lauren C Templeton,152,35
951430253594820609,2018-01-11 12:27:03,今年も $ETH $XEM をはじめとするプラットフォーム系に期待。なおビットコイン系ですが $BTC $BCH 同枚数保有から現在は短期目線で $BCH へポジションを大幅に傾けています。（難易度調整 、ビットコインキャンディー… https://t.co/E2Xb9c2ukU,97,30
951385669678481408,2018-01-11 09:29:54,中国でマイニング規制？韓国取引所閉鎖？という懸念でやや下落相場でしたが、そろそろ反応しきりそうです。一方国内では実需面の良いニュースも幾つか。こういうメルカリなど少額決済ではBTCだとマイクロペイメントに不向きなので、それに適した… https://t.co/mxMxSZmxYK,38,10
951105062490664965,2018-01-10 14:54:52,XRPが400円タッチで活気づいたホルダーが急に見方をかえETHに鞍替えしたり、XRPガチホを連呼したりする人も。短期勝負かけている人は別ですが、基本的に価格に一喜一憂するのはポジション過多なのでは？一点集中や偏りすぎはギャンブル… https://t.co/NAwEX2Xihd,102,12
950881506905354240,2018-01-10 00:06:32,JP ダイモン氏『ビットコイン詐欺発言を「後悔」している』。 ここにきて掌を返しましたね。投資銀行の利益構造や、彼の立場を考え、額面通りではなくなぜその発言が出るか？真意を考える必要があります。詐欺と言われBTC急落後30万円割り… https://t.co/mxQit5LVy9,69,24
950385563999219712,2018-01-08 15:15:50,"全体的に調整局面ですね～。こういう下落局面の時は、トレンドよりも大きく下げた際の小さな反発（デッドキャット）を狙うのも一つの手です(^^) zaifで今1,808,520円で信用Longをエントリーしました。トレンド線まで戻したらクローズします。",51,3
950301315967598593,2018-01-08 09:41:04,【朗報】朗報2連発目。バイナンスも新規受付再開。https://t.co/6I8rOoM0X7,40,8
950290620148432897,2018-01-08 08:58:34,【朗報】coinexchangeの新規受付再開しています。https://t.co/sPJHLRMhO4,55,16
950225876607619072,2018-01-08 04:41:17,"【祝】イーサリアム150,000円突破！3日前にtweetした通り $XEM や $XRP の短期調整局面から $ETH へ資金流入が起こりました。ちなみに、現在注目しているcoinexchange銘柄 $SPRTS ですがブレ… https://t.co/LWCpZxxroi",119,38
950174085148958721,2018-01-08 01:15:29,RT @guraburun001: もやしコイン Sprouts $SPRTS  日本非公式コミュあります　よかったら参加してね https://t.co/0Zp2OfyTvi,0,11
949872476200185856,2018-01-07 05:17:00,$SPRTS のチャート的な見解。通常こういう相場は盛り上がった後、抜けるのも早いです。しかし仮想通貨の凄いところは、盛り上がっても今のところ資金が抜けていく様子がないのですｗ盛り上がりが呼び水となってさらに人が来るのですｗ… https://t.co/Ub0JOhvYBk,70,25
949866570100105217,2018-01-07 04:53:32,"Sprout( $SPRTS) is ""sprout""ing. ⇒和訳：もやしコインが芽吹きだしましたwww 草コイン投資をやっている方は初動検知は重要です。出来高も初動にしてはまずまずの増加です。現在の時価総額比率でいうと XP… https://t.co/uU7gVR2KWL",53,19
949123252785356800,2018-01-05 03:39:51,（訂正）EtherZeroのハードフォークは昨日ツイート時点でキャンセルとなっていましたm(_ _)mETH相場は？というとXEMやXRP等の主要アルトが短期調整局面。ETHは上昇しているので、暫くETHを握って良いと思います。… https://t.co/DnVXmW8fop,44,8
948929126303285248,2018-01-04 14:48:28,主要銘柄に目を向けるとネムやリップルの相場は凄すぎで、この方がやや忘れ去られた存在 ⇒ イーサリアム $ETH1月19日にイーサリアムハードフォーク→ EtherZero 付与との情報があるのでそれに向かいETH買い↑、バイナン… https://t.co/NsmraZb96c,121,27
948924486887161856,2018-01-04 14:30:02,選球眼を磨き、初動をとらえてブル相場に伸びきるまで乗る、それさえできれば直ぐ億る人も居ます♪という感じで、後発の方にもヤル気を出して貰う景気付けでした。今からでも全く遅くないです。投資は 倍→倍 と指数関数的に資産がふえます。コインを見定めて コレだ！と思うものに仕込みましょう♪,61,9
948919376970899457,2018-01-04 14:09:44,今日はドル買い優勢、日経平均500円程上昇。「戌笑う」という相場格言にふさわしい一年の幕開け。ところで最近仮想通貨始めた人は【乗り遅れた～】【資金不足～】と言いますがご安心を。私のツイート通りトレードしたらのエアプ。30万もひと月… https://t.co/5d6FIZDh1l,66,7
948695959038345216,2018-01-03 23:21:57,$XEM も $XRP も新値を切り青天井モード突入(^^)  1月4日 金融機関もopen し新たな入金が舞い込みます。株式市場は大発会。ダウも強いし日経平均も続伸しそうです。円安↓株高↑仮想通貨高↑↑のトレンドですね。ドル↑円… https://t.co/B3BgdTjUZT,153,42
948423129407242240,2018-01-03 05:17:49,"ビットコイン9歳の誕生日おめでとう！2009年1月3日から稼働してから今まで、王者でありながらヤンチャな問題児で皆を掻き乱し話題の中心になり続けたビットコインｗ これからも更なる飛躍を期待！to the sky, to the m… https://t.co/3BeNkj2EGk",85,29
948284535032004608,2018-01-02 20:07:06,【草コイン取引所】草コイナーとしてはアカウント開設必須といえる取引所「バイナンス」。ビットコインのハードフォーク時に分裂後コインを取得できる取引所としてその名を知っている方も多いかと思います。100倍、1000倍 銘柄の発掘に是非。https://t.co/6I8rOoM0X7,30,1
948280845470543872,2018-01-02 19:52:26,（草コイン速報） $TRX 644satoshiをタッチした後一転、大量利確が発生し358satoshiまで急落の荒れ相場となったけれど、現在短期底打ちして再び上昇しそうな模様。下記のtweetで、明日、明後日とこれからさらに上昇… https://t.co/0KcsPluvym,85,28
948221542999060486,2018-01-02 15:56:47,（雑談）ビットコインはキプロス通貨危機で国の通貨の信用が揺らぎ注目された経緯があります。インド高額紙幣廃止、中国資本流出規制でもさらに値をあげてきました。取引所チャット民が大盛り上がりした翌日の相場をご紹介。今となっては経済環境と… https://t.co/SVIuvYUoEi,30,3
948216296532983808,2018-01-02 15:35:56,1万円札廃止検討？諭吉さん... 電子決済の普及は間違いないでしょうね。仮想通貨にも追い風でしょう(^^)https://t.co/xKjy9ZP13s,78,32
948215775973617665,2018-01-02 15:33:52,XEMレジスタンスぶち破って始動くるか？XEM/JPYでもXEM/BTCでもそろそろ突き抜け意識されそうだが、なかなか破れないじれったいチャート(^_^;)#NEM #XEM $NEM $XEM,45,5
947672935258394624,2018-01-01 03:36:49,【市場規模】凄い利回り。しかし現状はAppleの時価総額よりも小さく、世界的通貨というには余りにも小さ過ぎる。それだけ伸びしろが凄いあるということです♪ 国も無視できない成長スピードなので、今年も道中一波乱二波乱あるでしょうが、G… https://t.co/iowYqx2i9Q,496,221
947655777921024000,2018-01-01 02:28:38,RT @xp_japan: A Happy New Year!今年もXPをよろしくお願いいたします。$XP #XP https://t.co/Z82hIOoPWH,0,136
947655754319671296,2018-01-01 02:28:33,RT @xp_japan: Binance上場投票がスタート！https://t.co/RgFIEulHI2本日19:00〜1月5日19:00（日本時間）投票には0.1BNBが必要。投票までの手順はこちらをhttps://t.co/urUqzBRZPR宜しくお…,0,437
947503379403620352,2017-12-31 16:23:04,新年あけましておめでとうございます！！2017年の幕開けの時と同様、強いブル相場からのスタートですね(^^) めでたいめでたい。共に月を目指しましょう～♪ https://t.co/gz2B5rvI3E,98,4
947307732931035136,2017-12-31 03:25:38,【2017年振り返り】今年もありがうございました ( ﾟдﾟ)) ｡_｡))ﾍﾟｺﾘ  今年の情勢の変化を振り返ってみました。すごーい書ききれない程の出来事があったと気付き、この世界にいると時間が長く感じるなという感想です。大きく… https://t.co/2rX1HuWjUD,107,19
946998084441030656,2017-12-30 06:55:12,XRPホルダーは笑いが止まらないですねwww こういう明らかに強い材料の時は現物はじっくり持ち、信用をバンバン買い上がりますw 信用分は全部狩られていい覚悟で追撃ロングかましまくってます(〃ω〃) $XRP vs $XP が見物w… https://t.co/ErfCdAxuSh,73,15
946751191207133184,2017-12-29 14:34:08,ViVidのKo-kiさんまでXPホルダーとは(^^)www GACKTさんも仮想通貨に入ってこられて、こういった方々がインフルエンサーとなり仮想通貨を投機から実需へと繋げる起爆剤となってくれるのではと期待。 $XP も $XRP… https://t.co/fqH3fLuVKQ,43,12
945528830713663488,2017-12-26 05:36:54,素晴らしい〜  GOX怖いという理由で敬遠してた方もこれで始められますね〜(^^) https://t.co/ezUhhKEwmO,76,30
944914548628193280,2017-12-24 12:55:58,ねむーーーん？ $XEM が始動 急騰開始し🚀🚀,52,2
944894040125800448,2017-12-24 11:34:29,"マカフィーさんの今年7月に仰られたBitcoin 50万ドル説は Question)what's your take on Bitcoin Cash? → Answer) In the next 3 years, Bitcoin… https://t.co/Hamshcz3LR",35,9
944789030410919942,2017-12-24 04:37:12,【相場戦略】BTC急落 ⇒ ×BTC売り (S) / ○アルト買い（L）２日前のツイートで相場急落時にお伝えしていたアルトぶち込み手法。今回の反発後の結果です♪ 皆さんの相場戦略にお役立てください。同様のほぼ必勝手法は現在私の中… https://t.co/iCheld6V7M,199,45
944735361791442944,2017-12-24 01:03:57,OKEx上場で $DGB に注目の方も居ると思います。 $DGB はブラジルにて光熱費支払いが可能で用途拡大に好感と、私的にはマカフィー創業者が推奨しているというのも大きい?と見ていますｗ 要人の発言も要注目。ちなみにマカフィー氏… https://t.co/1Zeo2AnKtk,61,10
944523053270044673,2017-12-23 11:00:18,中国大手取引所 OKExに $XEM $DGB 上場。BTC取引量で世界TOP10に入る主要取引所でチャイナマネー流入？ネムに関してはカタパルトも意識され、現段階でももう一段くらい上げてもいいかな？という気持ちで注視。上場は1… https://t.co/AgYFksBpcV,113,34
944094299985133568,2017-12-22 06:36:36,過去何度もBTCは急落してますが、その時の私の得意技はアルトにぶちこみでした。理由は皆 アルト/BTC 売り→BTC/フィアット 売り とするからBTCより過剰にアルトが下がるのです。次期にアルト全面高になります。これで簡単にBT… https://t.co/egS6IsLlbJ,92,19
944064747514748928,2017-12-22 04:39:10,ビットコインは現在28.5万トランザクションが未確認。。深刻な送金詰まりでBigBlockのBCHや、1500Tsの高速なXRP は送金需要を取り込んでる見方もできます(｡･ω･｡) この仮説が正しければ次なる標的は………3000… https://t.co/Y6YqlarZYM,94,30
944057281561239554,2017-12-22 04:09:30,"RT @alt_crypto_eth: 【精神安定】本当に""暴落""？初めて数ヶ月の方は急騰・急落に狼狽える方も多く焦ったDMもバンバンくるのでツイート。現在よりも凄い下げは過去何回も起きていますが俯瞰して見て下さい。大きなトレンドから見て些細なことに感じません？焦って判断を誤ら…",0,45
944057263777390593,2017-12-22 04:09:26,仮想通貨定期イベント発生w 今回の下げ要因は BTC売り→XRP買い もあるのに加えてblockchain explore のサイトもダウンするほど（皆がトランザクションを気にするほど）の深刻な送金詰まり。。 p.s.最近来た人へ… https://t.co/g2dSwDW1Xd,97,37
944031417960341504,2017-12-22 02:26:43,XRPがmooon🚀 からのSBI取引所上場ニュースでさらにXRPに追い風？？ BTC vs BCH vs XRP の熾烈な覇権争いが楽しみになってきましたねw 個人的にはダークホースのXEMの一発に期待も期待w 仮想通貨への新規… https://t.co/lKuAWeqS9e,77,25
943263177428451328,2017-12-19 23:34:01,BTC↓ BCH↑ の流れが続いております。coinbaseへのBCH上場、各取引所へのBCH基軸の動きに好感でBCH/JPY は30万円台へ行き40万円台を目指す格好。coinbase上場が市場マインドにかなりのインパクトを与え… https://t.co/A1MW7IigA8,100,26
943122895420588032,2017-12-19 14:16:35,Youbit破産。以前は取引所の不祥事の度にビットコインが急落していましたが、最近はようやく切り離されて考えられるように。不正送金はあくまでも取引所内の管理の問題であり、ビットコインネットワーク自体は正常な手続きによる送金リクエス… https://t.co/bGphkWMRFs,45,7
943118190678118400,2017-12-19 13:57:53,来年はNEMが輝く年に？？wavesやneo/gasなど他のプラットフォーム系の伸びも注目ですね。https://t.co/4vsW4trCqT,36,6
943109043077357568,2017-12-19 13:21:32,RT @kanakagami1978: 投資ではなく脳死。 https://t.co/W3haUrc86B,0,7
943107806583914496,2017-12-19 13:16:37,かわいいww このコミュニティが面白いのでXPにハマっています(もはや投資ではない……w),33,1
943107644524392448,2017-12-19 13:15:59,RT @xp_japan: 定期配信XPちゃん通信XP日本公式キャラのXPちゃん。本日はLukiさん、sobologoさん、くらぎりさんの描いた作品を紹介。こんなxpコミュニティに興味がある方はhttps://t.co/MiP1VZhfq0$XP #XPちゃん…,0,78
943107288583118848,2017-12-19 13:14:34,RT @xp_japan: XPからみなさんへクリスマスプレゼント。https://t.co/ADh7FTumV7にアドレスと画面に表示されるコードを入力するとXPがもらえます（枚数はランダム）8時間おき、1日3回までチャレンジ出来ますので是非お試しください。$XP #…,0,329
943103761412603904,2017-12-19 13:00:33,『機関投資家が仮想通貨をポートフォリオに組み込む理由に、他の商品との相関性が薄れた為』という趣旨の記述。最近までは経済との関係(リスクオフ局面での値上がり)が顕著で他の金融商品で代替可能でしたが、今やゴールドとの正の相関性もなく… https://t.co/ytBMVeuOa0,31,0
941970025648230400,2017-12-16 09:55:29,【VACUSに関して】これまでトークン系コインは一切ツイートしませんでしたがそれは多くのトークンは開発者と紹介者がアフィ報酬で儲けるための価値無きモノと評価した為です。VACUSに関してはプロダクト内容とインカム分配に関するスキー… https://t.co/V5MPHig5Zx,69,29
941961832050319360,2017-12-16 09:22:56,$XP と $VACUS はツイート時よりそれぞれ5倍くらい成長。1週間以内で5倍のパフォーマンスで投資効率的に良いタイミングでお知らせできました。仮想通貨の盛り上がり（市場規模）と自分の資産評価額が連動するポートフォリオが理想で… https://t.co/2tlUaSxtgr,61,8
941397807575027714,2017-12-14 20:01:42,忍耐強いリップラーが大勝利＾＾ 仮想通貨はホールドすれば最後は大勝利をあげることが多いですね。さて、昨日までは $XP に大注目しており1satoshiのBTC建て売壁が順調に壊され急加速寸前ｗ 今日はもう一つ急加速寸前のコイン（… https://t.co/U3D1IonoPb,139,39
941180366299152384,2017-12-14 05:37:40,XPは1satoshi超えても基本的にはDOGEで取引してくださいね(^^)w XP/BTCだと呼値の最小単位が1satoshiなので、1.3satoshiのような価格帯の場合は2satoshiで買うと損しますw https://t.co/YvJOILoG6Z,39,10
941178719636414464,2017-12-14 05:31:07,$XP がついに1satoshiを超え。コミュが急速に盛り上がってきたので、ここから100倍期待^^wXP/DOGE取引はhttps://t.co/sPJHLRMhO4DOGEの入手はchangellyで※アルト↔アル… https://t.co/pGeJ6eAWFv,138,55
940879630424297472,2017-12-13 09:42:39,今日はリップル一筋で頑張ってこられた方は祝杯をあげられそうでなにより(^^)$XP は近いうち1satoshiを超え藻コイン脱却できそうな雰囲気に♪近3日で10倍。モナコインの再現、サウザンドバガーを狙いますw きちんと売… https://t.co/mVt6Ovmb9o,69,20
940455724332695552,2017-12-12 05:38:12,リプとDMで来てるのでXPについて。皆さんは遊びでもXP/BTCで絶対に買わないで下さいねw 現状1satoshi以下の価値なので最低単位で買っても損します。1satoshiに売り板並べてるラッキー狙いの私が得するだけw XP/D… https://t.co/AqjuvhOl6E,54,13
940437705506275328,2017-12-12 04:26:36,6万円突破！イーサリアムがまた新値を切ってきましたね🚀 個人的にはネムとイーサリアムは目先の値動きにとらわれず長期ガチホ。個人的には今ライトコイン( ﾟДﾟ)ｳﾏｰ！XPという草コイン(1satoshi以下の藻コインw)でハンドレッドバガーを期待www という感じです(^^),76,11
940390468688297984,2017-12-12 01:18:54,不動産業界でも仮想通貨へ！シノケンは業界初フルローンで有名ですが、革新的な取り組みを続けてますね(^^)で、利用者の便益は？が気になりますが決済アプリにIoTデバイスをコントロールする機能を順次搭載していくそうで入居者はアプリ… https://t.co/t2BWXnsUg2,18,6
940210900274778113,2017-12-11 13:25:21,【ビットコイン展望 1BTC=5000万円】今年も残すところ後20日。来年～再来年に5000万円！アルトコインNewsがついにおかしくなっちゃったか～？という感じに思われそうで恥ずかしいですが、ババババっと書いてみましたｗ ありえ… https://t.co/EjWkLunYol,184,48
940094815802335233,2017-12-11 05:44:04,RT @alt_crypto_eth: @ubjamt ゆびさん前振り(？)ありがとうございますwXBT/F8が2018/1/17期限  G8が2018/2/14期限 H8が3/14期限 のBTC先物価格です。F8が205万円程度なので今より15万円くらい強気のレートでしょう…,0,4
940086662524051458,2017-12-11 05:11:40,CBOEがさっそく鯖落ち…デリバの取引所として世界有数の取引量で高い可用性を誇ってきたはずの取引所が(^_^;)我々が使ってきた仮想通貨取引所が注文通りにくかったりするのも多少は多めに見ようという気になりますねwhttps://t.co/VRJvglXFXS,60,24
939289820932616192,2017-12-09 00:25:19,いま自宅にいて暇している人はNHK見てみてはどうですか(^^) 中国ではキャッシュレスが急速に普及しています(^^) 今回のNEMのwechatは中国のアプリですので、期待できますね。 https://t.co/iG44dVCKlJ,69,25
939288481121026048,2017-12-09 00:19:59,RT @nomad_btc: 【XEMの高騰理由】・NEM China teamがwechatアプリを開発・NEMアドレスとwechat IDを紐づけられるように・wechatの友達にカンタンに送金できる！・利用開始は12/21〜・wechat対応は仮想通貨で初めて…,0,234
939286383130132481,2017-12-09 00:11:39,最近始められた方も多いので。1枚200万円だから高いとか20円だから安いとか、1枚あたりの価格というのは論理的な区切りであり意味がありません。時価総額＝市場規模的にみて伸び代があるか評価しましょう(^^) 最近爆上げしたmon… https://t.co/eEyIvyxnT0,113,36
939283045177221120,2017-12-08 23:58:23,NEM開店と同時に相場からもご祝儀とは感慨深いですね(^^)一般的にプラットフォームの価値は上に乗るアプリケーションの価値の総和より大きくなると言われております。その点、$ETH  $ XEM $WAVES $XCP $LISK… https://t.co/EGxus0G9sL,47,10
939279047900635136,2017-12-08 23:42:30,RT @DenchuAsia: ネム（XEM）が前日比135％の暴騰！！1XEM=67円。なんでこんなに価格が上昇したの？将来性はどうなの？【仮想通貨】 https://t.co/Zkp3wVPFXa  @DenchuAsia,0,15
938987464911237120,2017-12-08 04:23:51,【材料が出た際】今年5月のxrp/btcの相場。rippleが銀行の海外送金で使われると日経が報じて以降のチャートです。仮想通貨はこういう際の上昇は割とテクニカル的に教科書通りの動きを見せることが多い印象があります。では今のビット… https://t.co/xUxe0GQZDx,52,7
938956803211083778,2017-12-08 02:22:01,zaifで2046100でロングポジションをとりました。,33,0
938912347644506114,2017-12-07 23:25:22,ビットコイン200万円突破！先物上場が相次ぎ見事な昇竜拳。来年は1BTC＝1000万円は軽く超え、来年末〜再来年までには5000万円くらいは。これまで散々バブルと称されていましたが過小評価されていたモノの真価が認められ本来あるべき… https://t.co/vkdx3w4XH8,137,34
935718589642018818,2017-11-29 03:54:31,仮想通貨日和ですね。$xcp が特に勢い付いています。仮想通貨はPoWから始まり、そのコンセンサスアルゴリズムの欠点解消を目指しPoS、PoIという変遷を遂げました。既存仮想通貨の財産的価値が認められる今、後発の仮想通貨はPoBに… https://t.co/RJMmOWgCnb,55,6
934717634641215488,2017-11-26 09:37:04,㊗️BTC 100万円突破！NHKニュースでw 年々ZEROが末尾に追加されるペースへ突入…!? 去年末に来年は100万円!と言い頭お花畑的扱いを受けてた人が居ました。パラダイムシフトが起きる時は人々の常識を越えていきます。来年は… https://t.co/lFxCjEP7V7,70,17
934343788553691136,2017-11-25 08:51:33,"BTCショートですが16時12分に920,005円で損切られました。私のツイートでポジられる方も少しはいるだろうなと、毎回一投入魂で頑張ってましたが今回負けてしましたm(_ _)m こんな日にETHが新値を切るとは皮肉なもんですな… https://t.co/YfZ8Qzjf6Y",106,1
934212402219905024,2017-11-25 00:09:28,【難易度調整】BTCのdifficultyは約1.3%低下。BTCのhashを高めてからBCHにマイナーが移動という予想や、逆にBTCのdifficultyは低下するという見通し、その混沌を回避する為にアルトへ行く流れが昨日までの… https://t.co/mG99Z4Mpn7,71,15
933650246017486848,2017-11-23 10:55:39,"zaifでビットコイン 900,665円でショート（信用売り）のポジションをとりました。",47,5
932993942089428992,2017-11-21 15:27:44,今回のUSDTの騒動について纏めました。取引所内やある事業体が兌換を保証しているドルや円などのIOUに関する考え方です。このような考え方を日頃整理しておくことはトレードで勝つこと以上に、緊急時の資産退避で正しい判断ができることにも… https://t.co/M2eD4wAhDA,241,73
932818463755706369,2017-11-21 03:50:27,(速報)tether社がUSDのハッキング被害にあった模様でBTC急落。USDにペッグされたいわゆるIOUに関してのリスクが高まりそれを嫌気して急落した模様。ビットコインエコシステムには直接的に関係ない問題です。絶好な買い場になりそうです(｡･ω･｡),123,64
931701796010987521,2017-11-18 01:53:13,今朝フォロワー10000人到達していました☆ 皆さんいつもありがとうございます(｡･ω･｡),86,1
931154131909148672,2017-11-16 13:36:59,皆さん順調ですか～？お久しぶりです(○&gt;ω&lt;)っ 最近は他の投資だったり、仮想通貨の相場研究に没頭しておりtwitterもDM対応で手一杯でご無沙汰でした。。また頻度をあげて再開していきたいと思います。最近の仮想通貨を取り巻く情勢に関しても明日以降整理してツイートして行きます～～,156,3
922141227599872000,2017-10-22 16:42:55,（貸付）現在poloniexのレートは0.01%/day程度... 前回の分裂前は金利が一気に急騰。金利は信用の積まれ具合を知る目安にもなります。前回の分裂では、私は貸付戦略も一部取り入れていました。今回も再現できる可能性を探るた… https://t.co/4L3imfRtEE,55,5
922003626687475713,2017-10-22 07:36:09,今日は選挙ですね～。皆さん投票いきましたか？私はこれからいきまーす。仮想通貨に関しても投票をおねがいしまーすｗ 皆さんのビットコイン分裂前の戦略は？,22,5
921998463486664704,2017-10-22 07:15:38,ビットコイン分裂が近づいてきました。前回の動きを簡単に整理しました。動きを予想し、先回りして儲けましょう♪ 皆さんの予想や戦略もある方は是非リプをして下さい♪ ビットコインを持ったままの方は、必ず各取引所のお知らせを確認し、分裂後… https://t.co/QEPgNIrbvN,151,40
920692346152411136,2017-10-18 16:45:35,先程のツイートはごく一般論ですが初学者の方はまずそういう所から入りましょ。実際的中し続けるのは困難と分かりそこから研究がはじまるのです。ちなみに的中率100%維持のトレンド読みに関する私の予想法は巷にない手法ですが、いずれ思考法･ロジック構築をいくつか紹介していきます(^^),88,5
920664589913620482,2017-10-18 14:55:18,初心者の方も多いと思いますのでわかりやすくイメージ図です(^^)急いで手放さなきゃ！と思う時に、いまそのタイミングは適切ですか？と冷静に考えるだけで1万円くらい変わりますよ、という話でした。上級者になれば敢えてこれを狙い数分で1万… https://t.co/AfkofWyVe1,97,12
920659564462194688,2017-10-18 14:35:19,"ビットコインが下落中。とはいえ、現状は""買われすぎ""な状態でしたので相場のこの反応は正常なものです。短期的なことでいえば現在値で下げ止まり反発する可能性は高いとみています。(デッドキャット)売りたい人は売るなら反発して下落トレンド… https://t.co/JKVoljmyLh",60,11
918826297303826432,2017-10-13 13:10:34,以前ツイートした内容RTBTC MONA ETH...あちこちパンプされ、その通貨ペアの保有がたまたま少なく指を咥えて見ている人は辛いでしょう。しかしこういう時こそ冷静に🤔 結果的に機会損失が生じてもそれでいい。損しなければ次の… https://t.co/WUseYpXJOu,107,29
918822991571574786,2017-10-13 12:57:26,イーサリアムも始動開始しましたね🚀🚀 BTCは50万円超えて加速が付き、最高値更新しさらに加速、アルトコインの割安感がでてからの↗️  あっちへこっちへと値動きが激しすぎますね。こういうときは通常の相場のセオリーが通用しにくいので… https://t.co/wSW6fKCcSJ,49,11
918309357372108801,2017-10-12 02:56:26,RT @TrendStream: ShapeShiftがNEMを統合、XEMのトークンホルダーに向けて流動性と利便性を提供 #NEM $XEMhttps://t.co/zKkOM3dKjF https://t.co/Dgn9hF3aUo,0,73
917077625230704640,2017-10-08 17:21:58,"BTCは coincheck 509,000 zaif 510,000 bitflyer 508,500 付近でずっと固定されてきてしまいましたね…。一先ず信用買いポジションはクローズし、起きたら上がってるといいなーと思いつつ現物買って寝ます(=_= )zzz",27,0
917019535894503424,2017-10-08 13:31:09,(祝)ビットコイン50万円越え🚀🚀どの取引所でも完全に抜けてきました〜〜 そのまま大陽線を描くのだ〜(〃ω〃),57,4
917017107103019008,2017-10-08 13:21:30,"【信用取引】そろそろBTCのマグマが吹き上がりそうな様相をみせていますね＾＾ BTC５０万円突破の祝勝会場準備中☆ zaifで498,500でちょこっとロング仕掛けました～～♪　信用取引について纏めてみましたので、最近はじめたよっ… https://t.co/eC7dmVnA0X",81,9
913632217695264768,2017-09-29 05:11:09,ビットコインは皆さんトレードを頻繁にしている方が多いと思いますが、こういう相場が瞬間的にぐっと下がったタイミングでアルトコインとかを買い増すっていうのも狙い目だと思います(^^) https://t.co/6BChoS5aOK,37,7
913621346684256257,2017-09-29 04:27:57,ピタリ賞いただきました(^^)下落に転んだ方の予想で保険で置いてた44.7万円の指値がドンピシャでささるとはwしかし確率的に上昇のほうが優位とみていたのに、フェイクニュースもあり下落の方へ転び残念です。。ロングで攻めてた方に… https://t.co/KtrQSm4m5K,43,1
913612890317262849,2017-09-29 03:54:21,下落のパターンでは44.7万円で反発と読んでいたのでロング仕掛けました。 https://t.co/Bggmps664O,24,4
913267745382207489,2017-09-28 05:02:52,BTC46.5万円付近の攻防を制し47.5万円のステージへ一段UP。次は48万円の壁ぶち破りチャレンジ🚀今日はZECも爆上げし仮想通貨は全体的に上げ相場。こういう明らかに地合いが強い時は、ボーナスチャンスです🚀投資の基本は損小利大(^^)大きく利幅をのばしましょー,73,8
913191525382733824,2017-09-28 00:00:00,zaifのチャートみると売り勢の信用ポジションが強制決済されて踏み上がった模様。しかも2回。こういう明らかに地合いが強い時にトレンドに乗らずショート持つ時は慎重にいかないと証拠金もってかれます。逆にこれを見越しラッキー狙いで49… https://t.co/Gir699Vilo,37,4
912991312739164160,2017-09-27 10:44:26,FX終了のお知らせ… ω・）仮想通貨で稼げるうちにバンバン稼ぎましょ🚀🚀🚀 追証ないし現物でもレバ掛けくらい価格変動しますしねー税金が〜っていうけど数千万円とかいかない人は大した話じゃないし、そもそも先ずは稼ぐことを第一にwhttps://t.co/bBCGuhT6tq,87,29
912306002149629952,2017-09-25 13:21:15,twitterクラスタという偏りはありますが、普及をうらなう上で仮想通貨を触っているマジョリティな年齢層はどの辺なのか？気になったので。上から順に見ていって最初に当てはまるものにポチ。RT希望,19,25
912295342753927168,2017-09-25 12:38:53,ふわっちみたく投げ銭代わりに仮想通貨が使われそうですねw 現状は投機の域を超えていない仮想通貨ですが、草の根に広がりを見せれば本当の普及へと繋がりそうですね(〃ω〃)https://t.co/xHaYsLUkBl,46,21
912227073275478017,2017-09-25 08:07:37,RT @silverfox789123: 訂正 続き 仮想通貨全体の投資額どれくらいですか？回答に厚み持たせるためRTして頂けると嬉しいです^_^よろしくお願いします^_^,0,152
912227054862528513,2017-09-25 08:07:32,RT @silverfox789123: 仮想通貨全体の投資額どれくらいですか？回答欄は下にも続いてます^_^,0,92
911811834448973824,2017-09-24 04:37:36,2016年6月28日にXEM⇔ピザの初の商取引がされた店がサンタルヌーさん(@StArnouldnagoya)。日経に登場(^^) 名古屋から東京に進出されますが、来年のPizza Day付近にフォロワーの皆さんで伺ってみます？whttps://t.co/5bBaykBmJD,25,4
911789560933212161,2017-09-24 03:09:06,以前、取引所の規制発表のときツイートしましたが大石様もこのように仰られております。中国の国益を毀損する可能性があるもの（＝取引：資本流出）は制限をかける一方、国益にかなうもの（＝マイニング）は容認するという見方をもって現状を捉える… https://t.co/xqbZj6nIdA,38,8
911787390271856641,2017-09-24 03:00:28,ViaBTCは海外拠点で取引・マイニング事業を継続。そもそもクライアントソフトがプールへ接続できる保証は？など気になってしまいますが...グレートファイアウォール環境下のユーザもVPNで簡単に迂回可能としており、現状は大丈夫でしょうhttps://t.co/0zdH0f7WUs,11,4
911159669372084224,2017-09-22 09:26:08,今は短期の不安と長期の期待が入り混じった非常に難しい相場ですね🤔長期目線の人は買い増す時間稼ぎになって良いでしょうけど(^^)ETFだと今のBTC現物の直接買いと違い税金面でもメリットがあります。この当たりは実現してからツイ… https://t.co/bjoCrpD2F0,34,6
910296495055765506,2017-09-20 00:16:11,アキバに投票w https://t.co/kivMe1cS2z,9,0
909324945360019456,2017-09-17 07:55:36,取引所はJPYをJコインにしたら、アビトレが活発になり取引所間格差が下がるのと同時に市場全体の流動性提供に寄与しますね取引所へ入金⇒取引所がJコイン購入⇒顧客JPY余力反映となりますが、顧客の現金管理を減らせてより透明化できそう https://t.co/s0XOHgLGaW,43,13
909262715817832448,2017-09-17 03:48:19,RT @alt_crypto_eth: @okoyuta 既にある程度下がってしまっているのでもうホールドです。材料は既に知れ渡っているし、脱落する人は既に抜けてます。大きなロットを扱う相場師や機関投資家は巧みに相場の冷静さを奪いにきます。強烈な空売りで不安心理を煽り、手放さ…,0,22
909261963837837312,2017-09-17 03:45:20,"JPモルガン大量買いで賑わってますね。コンソールみると取引仲介業用なのでJP本体が買っている訳では無いですが大口注文ですね(利害関係者に情報が流れていたのでしょうか･･･邪推)ツイートでもしましたが""機関""の発言は基本的に""揺… https://t.co/vvHx2FfRkp",85,41
909019123316748288,2017-09-16 11:40:22,これどうなんでしょうか。今見たばかりだから詳細は知りませんが、VPN規制の影響？？チャイナの振り回しからの脱却の日がついに来ましたかね… ω･`)www https://t.co/YgzQpJV12v,29,5
908306836004126721,2017-09-14 12:29:59,中国大手取引所BTCCは9/30に取引を全面停止と発表。BTC/CNYが30%以上↓ ⇒ BTC/JPY↓ 短期では少し厳しい状況は避けられなそうです…p.s. 本日未明にテクニカル的な2週間見通しを書きましたが、これを受けて… https://t.co/OD0vKHcSgg,47,14
908169500603772929,2017-09-14 03:24:16,信用は利が乗ったので10%程度ですが、0.0303でポジションクローズしました。XMRを始めとする匿名系は引き続き強いと見ていますので現物保有します。 https://t.co/BBYsQnZncZ,33,2
908111634035499008,2017-09-13 23:34:20,$XMR broke the resistance line ahead of protocol update tomorrow! 🚀🚀🚀 https://t.co/9XGBu2nzoU,52,25
908108231188242432,2017-09-13 23:20:48,RT @monerocurrency: [Daily Reminder] Read all about our scheduled protocol upgrade (September 15) here: https://t.co/EtfPC4sXwI,0,21
908009585511821312,2017-09-13 16:48:49,【モネロ買い】XMR/BTC 0.0283 で信用買い(Long)を入れました,33,0
908005713653284864,2017-09-13 16:33:26,【BTC短期予想】3825ドル(≒42万円)付近のミドルバンドでの攻防が続いていますが出来高もかなり付いており42万円が高確率で短期底打ちと判断。テクニカル的には→47.3万円(1週間後)→44.7万円(2週間後)という見通しをもって相場を注視していきます。長期保有者はガチホ推奨,134,26
907828023965229056,2017-09-13 04:47:22,"JPモルガンのCEOが""ビットコイン""は詐欺と発言w IPOの仕組みは皆さんご存知ですか？主幹事証券が決まり投資家によるブックビルディングが行われ、その後抽選で店頭、ネット顧客へ分配されます。投資銀行も同様に巨額な引受手数料で稼… https://t.co/v1gPUPD3Jl",79,44
907267213219917825,2017-09-11 15:38:54,スイスのキアッソ自治体はビットコインでの納税を認める。日本も仮想通貨間トレードに対し課税方針をとるなら仮想通貨での納税を認めてほしいですね〜。というのも納税を目的に円転したら、それも利益確定とみなされまた税金がかかるので、その税… https://t.co/pxmIdec30U,37,13
907254744699232257,2017-09-11 14:49:21,ハッシュタグ #ss954 でいまのラジオ聴いてた人のツイートが見れるので、普段仮想通貨とは無縁な人のツイートもみれるので一般の人の認識もみれて面白いですねw,10,1
907241104294141954,2017-09-11 13:55:09,ラジオTBS AM954khz で仮想通貨とかvaluについてなんかこれから話がはじまるようですw,18,2
906987945969643520,2017-09-10 21:09:11,RT @silverfox789123: おはようございます^_^ロイターにBTCインデックス登場^_^ https://t.co/6uloUxfHw4,0,33
906893421247266816,2017-09-10 14:53:35,（2017年1～9月）振り返り。今回の値動きを”暴落”と評するのはどうでしょうか（^_^; たしかに目先下落しているのは事実ですが・・・日足でボリバン中央線より遥か上。純粋にチャートだけみてこれを”下落”と私は表現できません。ポジ… https://t.co/RBdmwnDUl5,177,64
906518862878801920,2017-09-09 14:05:13,経済フロントラインという番組をぼけっと見ていたらICOについて。中国では規制されたり、財務をチェックする機構がない問題があるものの、それ以上のメリットもあると強調。現状は詐欺まがいのが多いので私はICOへの投資は一切したことも推奨… https://t.co/B6xqwKobfm,45,4
906437461907144704,2017-09-09 08:41:46,ビットコインは連日報道され、経済・金融関連の方々のツイートも仮想通貨の話題で占めるようになりました。我々仮想通貨クラスタのツイートは煙たがられているようですがw 仮想通貨はこれだけ注目され、無視出来ないところまで来たのは喜ばしいことです。,56,7
906437327911739392,2017-09-09 08:41:14,RT @hirosetakao: しかし暗号通貨クラスタの連中のクソリプはオモロすぎだな。まるでオレが相場を下げたみたいなwww おまいらなんかよりオレの方が遙かにデカイ金額がかかっているから、ニュースは慎重に見極めているさ。経験の差だよ。　頭が高い！,0,56
906437242775683072,2017-09-09 08:40:54,RT @kazu_fujisawa: お前ら、SNSのファンに大丈夫、大丈夫とか言いつつ、裏でこっそり売ってないんか？ お前は本当に全部ホールドしてるのか？ 問い詰めたい。小１時間問い詰めたい。,0,23
906417137459224576,2017-09-09 07:21:00,中国、仮想通貨取引所を一部(？)閉鎖かという報道が、中国ニュース財新網からなされ相場は目先下落の展開へ。完全閉鎖は私はないと見ていますが(推測) いずれにしても仮想通貨の性質上、下落幅は限定的だと考えられます。https://t.co/3ZwGM48Y5Y,33,5
906415497566027776,2017-09-09 07:14:29,RT @silverfox789123: 財新報道から取引所停止あり得るとして、先日のICO規制も鑑みると一連の中国政府の対応はシャドーバンキングというか闇市的なお金の取り締まりであって中期的な見方では、去年インドのモディが高額紙幣廃止をやったように市場そのものの透明性が高まる…,0,23
905984102649651200,2017-09-08 02:40:17,RT @nikkei_top: [日本経済新聞] ブロックチェーン技術、決済処理実現を確認 日銀・欧州中銀が実験 (会員限定) https://t.co/5MT8plH1W3,0,8
905075415324041216,2017-09-05 14:29:29,昨日はICO規制で相場がパニックの様相を示しかけました。しかし、中国は仮想通貨に対して総じてネガティブである訳では決してなく、むしろ「国益になる部分は認めている」という事実を認識し、フォロワーの皆さんには、焦って投資判断を謝らない助けになればとツイートさせて頂きました。,98,12
904634367493849088,2017-09-04 09:16:55,中国がICO規制(違法と認定)との報道で仮想通貨市場は全面的に下落。(非プラット系も含め)ただし、これまで中国は売買の制限やICO規制をしてきたことになりますが、中華系が幅を利かせているマイニング行為は規制していませんw どういうことかお分かりでしょうか？,112,50
904629225264525312,2017-09-04 08:56:29,RT @GOXGOXGOX2: @shya_crypt @eddie_r32 このICO規制でプラットフォーム通貨下落は買いチャンスかもしれませんね。イーサリアムはいつもこういうので下落して、落ち着いたら暴騰してますし。NEOもです。問題はどこでターンするか,0,8
904299123704160256,2017-09-03 11:04:46,北朝鮮がEPM攻撃(電子パルスを大気圏で発生させる)を発動し通信機器が壊され隣国に被害が及んだら仮想通貨はどうなりますか？というような仮説に対して下のように考えてみましたwwまあ、そんな事態はまず起こることは考えにくいですが、… https://t.co/wETHix7aq4,25,3
904292428655374336,2017-09-03 10:38:10,【取引手数料】最近changellyの質問も増えたので再ツイート。手数料は小さいようで重要！！手数料3%で取引10回繰り返すと、元本の約27％近く失います（価格一定の場合）。頻繁にトレードして負けている人は意外と手数料が原因？… https://t.co/PW6jLyMMpN,61,13
904249615146295296,2017-09-03 07:48:03,北朝鮮 北東部の核実験場で水爆実験成功と報道。crypto－fiatのドル円コンバーターはやや円弱め。通常のリスクオフ時と違いドル売りになりにくい可能性もありますが、いずれにしても仮想通貨には追い風。とはいえ、ここ数日信用建玉が増… https://t.co/VjlIbMNAf3,35,5
904197000517738496,2017-09-03 04:18:58,"「北朝鮮の6回目の核実験か」の速報の直後 BTC 525,000円→535,000円。ドル円は無風。地政学リスクによるキャリートレードの戻しのメカニズムはもはや織り込み済みであり働かない一方、仮想通貨トレーダーの思考はリスクオフ⇒仮想通貨↑ということからの値上がりですね^^",41,13
904195965636173824,2017-09-03 04:14:52,"RT @alt_crypto_eth: @yukiyukimama 「北朝鮮の6回目の核実験か」の速報の直後 BTC 525,000円→535,000円と反応しましたw",0,19
903804701908414464,2017-09-02 02:20:07,【Byteballエアドロップ（無料配布）の参加方法詳細】ビットコインついに55万円突破！！ビットコイン保有を増やしている方もいるかもしれないので、エアドロップに参加する方法をまとめてみました。BTCホルダーの人は試してみてはど… https://t.co/idIfVlrL7x,61,8
903252866055380997,2017-08-31 13:47:19,(祝)日本のFIFAワールドカップ･ロシア大会出場が決まり、イーサリアム財団も国営のロシア開発対外経済銀行(VEB)との提携が決定！！ロシア連邦政府機関への適応も視野にしていることが言及されております。価格も4万円を突破してきて… https://t.co/cnnrDfjkeY,47,15
902758274952556544,2017-08-30 05:01:59,ニュースもう一つ。都はフィンテック企業を対象に税負担軽減を国に要求。小池知事は「アジアの金融ハブ東京」を目指しフィンテック企業誘致や育成、参入障壁軽減を目指すとも。2020東京を目指し仮想通貨決済普及に向け頑張って欲しいですね！https://t.co/roYjsBobBz,45,16
902749288157122560,2017-08-30 04:26:17,日経を見ていたら経済面にエニーペイという会社がICOのコンサルに参入と。先日も【2588】プレミアムウォーターHDもCOMSAで資金調達と話題になりましたが、企業の資金調達手段として仮想通貨に注目が集まってきていますね(^^)https://t.co/y396pSm65i,23,4
902650188421935104,2017-08-29 21:52:30,(祝)BTC50万円突破！世界経済も地政学リスクが高まっていることもあって、仮想通貨へ流れが来ていますね(^^),66,5
902479591045963776,2017-08-29 10:34:36,イーサリアム一時4万円突破(^^)Metoropolisが10月初旬らへんで当初予定より後ろ倒しですが1ヶ月間じわじわ上昇を期待w最近は7月の荒れ相場を抜けツイート少なめですがその分順調な通貨が多く平常運転な訳で嬉しい限りです https://t.co/FH3SprDs8U,60,21
902312003741433856,2017-08-28 23:28:40,おはようございます。目が覚めて北ミサイルでJアラートという文字をみてヤバい事態かと相場確認w有事のリスクオフではキャリトレ巻戻しで円高↑に振れますが、本当に日本が脅威にさらされたら有事でも一瞬円高に振れたとしても急速に円安↓仮想通貨高↑になると思いますw 今は円高で安心ですねw,40,3
901300368839016448,2017-08-26 04:28:47,以前フォロアーさんにアンケした時人気が高いと知ったLISKですが吹き上がってますね(^^) みなさんアゲアゲかな？ということでなによりw私は保有割合1%未満でしたが上げてくれたおかげで1%超えました(^^),40,1
901299790675189760,2017-08-26 04:26:30,RT @zaxytkzw: LISKちょっと調べたけど、インドの取引所上場と来月のコア1.0実装が主な上げ材料っぽい。ただ、海外勢が意外と静かなのが気になる。(というか日本勢が盛り上がる感) https://t.co/w90u9DjSx1,0,18
900863033857032193,2017-08-24 23:30:59,市場はXEMに流れていますね(^^) ETHもまだ仕込み時です。私はXRPは5日前のtweet時に17円で買い現在6%程まで増えています。0.5円時代から見てますが着実に先行きは明るくなっていますのでリップラーは気を落とさないでETHやXEMとかも買いつつw応援しましょう,83,15
900767521095139328,2017-08-24 17:11:27,バーナンキさん、www創設者の名が出て益々期待しとけという趣旨でカウントダウン理由が(？？？)で市場は↓。しかしリップルホルダーは期待する価値ありそうですね。一喜一憂せずポートフォリオの一部に組み込み気楽に待つのが吉でしょう☆ https://t.co/r7oVfiOrwY,42,7
899775039574130688,2017-08-21 23:27:41,RT @Jf6QnVoNULo0Atm: イーサリアムがハードフォーク「Metropolis」を実行間近 https://t.co/DShqvYwevD @TheBitTimesより,0,50
899774997471698945,2017-08-21 23:27:31,勝利報告どうもです(〃ω〃)液体窒素さんへのリプで、RTもしてますが7月末にツイートした保有上位のETH、XEM等プラットフォーム系、XMR、DASHの匿名系が8月に入り好調。ポートフォリオを似せて頂いた方はホールドのみでもまず… https://t.co/zNL0I6OuUG,25,1
898727584577462272,2017-08-19 02:05:28,以前ツイートでも言及した採掘業者寝返りリスクが顕在化しBTC↓BCH↑の傾向。経済合理性を最優先にしたマイナーが一部移動したのみで効果は限定的と見ますが、先が読みにくいビットコイン事情に振り回されるのも嫌なので再びアルト増やします… https://t.co/XyoNGwcA1r,39,8
898389898532495360,2017-08-18 03:43:37,情報が遅れましたがBCH相場に変動を与えたのは以下のツイート？彼はBCCとかBitcoin Connectでも掘るんでしょうかね…wwBCHは一枚も保有していませんし今後も要らない子だと思いますね私は https://t.co/Wfk3lD9lQH,24,1
898384591081177088,2017-08-18 03:22:32,【cc内BCH強制返済】本日17時返済期限。残高がマイナスの人による強制買いが入るでしょうか？相場変動を考えてみます。リプに続く…,26,1
898358016201736193,2017-08-18 01:36:56,BCHの返済需要を見越しての強い買いですか…そしてccはここにきてBCH急騰煽りw ccでBCHの負債を抱えている人からしてみては酷い話ですね…私はBCHは完全売却しましたが相場戦略としてはこういう仕掛けがされることも想定してお… https://t.co/QKk6nVdHSm,41,5
898179654745378818,2017-08-17 13:48:11,Bitcoin to the space.. lol世界の30億人はまだインターネットにアクセスができないような自国通貨も不安定な環境にいます。https://t.co/KKccSJm4vC,30,9
896371986712084481,2017-08-12 14:05:10,ビットコインは40万円台に乗り最高値更新ですね～。世間でも仮想通貨が話題になってきましたが「バブル」だとか「怪しい」「信用できない」との声も多いのが現状です。そもそもなぜ価値が認められてきたのでしょうか？トレードも良いですが正しい… https://t.co/oq2x4WzByV,108,58
894400152818995200,2017-08-07 03:29:48,RT @coin_choice: 【コラム by平野氏 @junya_1991 】ウォール街のお金がビットコインに流れてくる？CFTCがオプション取引所承認▼https://t.co/ROJVPn7fsf https://t.co/aasvvjSdkc,0,26
894361736148525056,2017-08-07 00:57:08,"RT @alt_crypto_eth: @JCTx8YIycH32gHM ETH &gt;&gt;  XEM &gt;&gt; GAME &gt; 匿名通貨系(ZEC,DASH,XMR) &gt; XRP &gt; GBYTE, QRL 他多数・・・　という感じですかね。プラットフォーム系のETHやXEMは他のコインよ…",0,5
894360661098024961,2017-08-07 00:52:52,前途が明るそうなニュースをいくつかRTしました。仮想通貨は今年に入ってから過去最高値をバンバン更新して調子がいいですね。いま一番勢いがあるのはXEMですね。個人的な見解では長期保有でしたらETHとXEMを持っていればまず間違いはないと考えているので保有多めです。,77,22
894358341555691522,2017-08-07 00:43:39,RT @cryptoJUN: 8/10のカンファレンスについてインド最大のブロックチェーンカンファレンスにGameCreditsが参加！ニュースレターまとめと妄想 | GC-Fan –  ゲーマーによる仮想通貨投資 – https://t.co/FA4vyjqa9e,0,25
894354705421189120,2017-08-07 00:29:12,RT @bitFlyer: 【丸井グループでビットコイン決済サービス提供開始！】新宿マルイ アネックスで 8 月 7 日（月）から試験導入を開始します。ぜひご利用ください！当社プレスリリースはこちら：https://t.co/DeEc8XFRhr https://t.co/…,0,40
894354605940686848,2017-08-07 00:28:49,RT @bokujyuumai: 速報:ロシアの銀行コンソーシアムはイーサリアムベースの改良したプロトコルを使用し、顧客に安全で早い送金サービスを提供する。また既にロシア中央銀行は #イーサリアム ベースの #ブロックチェーン を実装しており、支払いと顧客の確認に使用している…,0,69
893275939659956224,2017-08-04 01:02:34,【朗報】poloniexユーザへお知らせ。8/14にBitcoin Cash 付与(^^)米国の通信障害等で接続が不安定になったり、恐らくワシントン州のSenate Billによる影響で規約変更等をしてGox？等と不安を煽る人… https://t.co/9BjI9nFfX9,37,9
892738637686644736,2017-08-02 13:27:32,フォロワー5000人達成しました(｡･ω･｡)ﾉ 指針さんの10000人達成のところに皆さんからリプを頂いてしまったのでこちらにRTしますw これからも宜しくお願いしますw https://t.co/bLYxvWNlua,77,0
892621228158013440,2017-08-02 05:40:59,mijinは NEM($XEM)のプライベートブロックチェーン。先日インフォテリア【3853】の株主総会の議決権行使で使われ今度は中部電力の実証実験で。カタパルトのホワイトペーパーでは3000TS超という驚異的な性能を発揮。ついに… https://t.co/HX1oOc1wFq,102,45
892417821413474304,2017-08-01 16:12:43,RT @alt_crypto_eth: @Rik16221463 @sugiriku517 BCCはハッシュパワーが足りていないようです。現在ViaBTCのBCCレートは相変わらず当初の値を維持していますが、なぜだか不明です。私は現在BCCの価値は過大に評価されており今後下落す…,0,8
892260506383208448,2017-08-01 05:47:36,【8/1相場見通し2】昨日の図にもちらっと記載しましたがBCCが誕生しない可能性も考慮にいれましょう。その場合、相場上昇が濃厚。無闇なショート戦略は危険。最も低リスクで安全な消極戦略はBTC現物保持。(BCC/BTC先物、BTCローンレートやや下落⇒分裂回避予想に市場は傾く？),50,10
892001150194524161,2017-07-31 12:37:01,今夜10時からNHKでビットコインやるのでコーヒーでも飲みながら見てみますか～。Twitterとかで視聴者の意見募集したりしますかね？フォロワーさんがテレビに映るのを楽しみにみてますねwww https://t.co/F7gKFdJu84,28,5
891448767563485184,2017-07-30 00:02:03,【8/1 相場見通し】7月も残すは2日。そろそろみなさん戦略を固める時期ですがどうされますか～？是非リプなどにお書き下さい(｡･ω･｡)ﾉ  P.S. 買い増しはいつですか？とのご質問を頂いていますが、個人的には8/1以前がいいと… https://t.co/pghuYzibXg,89,31
889853529854062594,2017-07-25 14:23:08,Zaif朝山氏がRTしてる共同通信の記事もですが主要メディアの不正確な報道は残念ですね私はフォロワーの皆さんには3日前に図入りで正しい情報発信をできたのでツイッターしてる意義がありましたなお8月1日の相場に関する質問DMが… https://t.co/tZUayq5D83,39,5
889074916732973056,2017-07-23 10:49:13,今日の相場は安定。結婚式に参加していましたが、御祝儀はBTCで渡したら超ヤバイ人間違いなしなので世間の常識に負け円で渡しましたwデザートのポートフォリオは現状ふまえBTC中心に構成w 皿は皆に配られましたがウォレットに入れとくと… https://t.co/8Myj1e3Wzb,66,2
888703286903152640,2017-07-22 10:12:29,【悲報】ツイートする為の図を描いてたりしてるうちにBTCが30万円から31万円になっていてこんなことしている場合ではなかったと今気付くｗ「分裂危機」「取引停止」とかニュース出ている最中「ビットコイン過去最高値更新」と報じられたら、なんだか面白いですねｗ頑張ってもらいたいですｗ,66,8
888700132975190016,2017-07-22 09:59:57,【取引停止の解釈】BIP91がロックインされ、市場もポジティブな反応を見せ価格が急騰しました。しかし「取引停止前倒し」とニュースでやや混乱が生じてますが、図示したような混乱が生じないように、ネットワークが安定するまでの安全措置であ… https://t.co/VSqc3s6kN2,71,12
888191164947374081,2017-07-21 00:17:30,"RT @BitcoinChief: BIP91 has officially locked in, now we wait for activation #bitcoin https://t.co/VBo2SenNYR https://t.co/2SOjLhEQOR",0,7
888090748616269824,2017-07-20 17:38:29,【速報】BIP91 86.8% に到達しました。F2PoolがBIP91 シグナリング開始（＃476718 で確認）モニタリングしていた私のPCが検知したので皆様にも速報。相場的には83%超えた時点でほぼ織り込み済みでしょうが、さ… https://t.co/27pq0D7wfK,47,21
888076543704014849,2017-07-20 16:42:02,BTC29万円到達。今日は上昇後に強気の【さらなる上昇】を予想ツイートしました。通常は急騰後は天井打ち買いは危険ですが今回は各業者やマイニングプールをウォッチし続けてきたので自信ありでした。皆さんに先回りした有利な情報を提供でき一安心。これで安心して寝れますね(=-ω-)zzZ,72,25
888065150250401792,2017-07-20 15:56:45,【続報】BIP91 84.7%へ増加。Slush Poolもシグナリング開始。やはり先程よりも価格上昇しており現在 28.4万円付近。見通しがほぼ確定的になりつつあり市場はさらに強く、チャート観点でも現在三角持ち合いを形成していま… https://t.co/r0rJpiuXKs,41,21
888014011140259841,2017-07-20 12:33:33,【速報】BIP91 80％超えして急騰。（以下予想）F2Pool等がBIP91のシグナリング出してくると想定される為、それを受け【相場はさらに上昇】と予想。現在、80％の合意が得られない可能性も織り込まれていますので、数時間後にそ… https://t.co/npUNhWwAuK,76,55
887533041995833344,2017-07-19 04:42:21,フォロワー4000人超えthx仮想通貨は材料が出ても技術的な内容で投資家は判断に迷い初動が遅い傾向があります(昨日の分裂発表⇒暴落予想⇒売りとした人さえ居そう※相場は発表後やや下げ)昨日昼のように出た材料に対し投資判断を付け皆さんが先回りできるようにツイートしていきます,103,7
887192886340538369,2017-07-18 06:10:42,RT @alt_crypto_eth: @Rik16221463 @mk2042 jihan氏からBitcoin Cashの情報が出て 8/1にフォークされる見通しから、現在ブル相場から一転…という感じです。しかし声明によるとリプレイプロテクションを付けてスピンオフされるという…,0,12
886989114867765248,2017-07-17 16:40:59,ありがとうございます。このような勝利報告を頂けると情報の発信のしがいがあります。なお0.0156~0.0158でロングをとっていたXMRですが、0.0160~0.0161で手仕舞いました。理由:BTCの影響で下落を続けたアルト全般… https://t.co/nX5VuyLpwu,21,0
886861662904397824,2017-07-17 08:14:32,中華系マイニングプールのSegwit2xアクティベート(BIP91)でBITMAIN社が宣言しているUAHFは行われない見通し？UAHF懸念が解消され取引停止の心配等はなくなったと報じられれば価格は回復基調に転じるのが濃厚と読みBTCの信用売りはクローズしました,43,23
886857366473277442,2017-07-17 07:57:27,RT @BITMAINtech: All our #bitcoin mining pools will start running the new #Segwit2x software today#Antpool #BTCCOM #ConnectBTC #NYA,0,506
886589579758772224,2017-07-16 14:13:22,$XMR 0.0156 XMR/BTC で大量買い支えなうにつかっていいよてことで112BTC 約2300万円の買い※見せ板ではないですこの攻防を $XMR は制します(対円は下落しているので仮想通貨資産で保有する覚悟… https://t.co/6vhu0Ifh4W,29,3
886478620369207298,2017-07-16 06:52:27,【XMR推しの理由】１．poloniexでBTC以外の「基軸通貨」に既になっている⇒取引所内でBTCを持ちたくない8/1に向けXMR保有需要が増す想定２．XRP、XEM、ETH等と違い日本人から特に人気はない３．長期スパンで上げ過ぎてない数少ない通貨４．テクニカル分析,58,3
886475934399832064,2017-07-16 06:41:47,【XMR買い】0.0158 XMR/BTC で Long（買い）を入れました。　※現状でショート（売り）を取りましたというツイートをしても価値が無いので、買いに関するツイートです。BTCに対して上昇するとみているので、仮想通貨で保… https://t.co/2fOaDU9smB,25,2
886469729761742848,2017-07-16 06:17:08,【Changelly】仮想通貨同士の直接トレードが可能。(XRP⇔XMRなど）スプレッドもccに比べ格安。取引所にコインを置かない方式（出金先アドレス指定）なので取引所リスクは取引中の数十分のみ。JPYを介さず税金の心配も無用。… https://t.co/o4NxeFJWbO,251,70
886466609778352128,2017-07-16 06:04:44,coincheckだと アルト⇒JPY⇒アルト として税金やスプレッドを気にされる方が多くトレードはしにくい環境だと思われます。JPYを噛ますと税金のポイントになりますのでcoincheckしかアカウントを持っていない方も使える裏… https://t.co/RADRQHRuea,21,0
886461614370594816,2017-07-16 05:44:53,JPYは相場の急変時（急騰/急落）に取引量が活発になる傾向が強いです。相場変動の加速を強める一因な気がしてなりません。日本株相場も外国人にカモにされ日本人は極端に金融市場で負けています。フォロアーの方々には是非勝っていただきたいと思います。後ほど信用Ｌポジ取るのでツイートします。,55,2
886215294145802242,2017-07-15 13:26:05,最近暑いですね。相場は寒いですか？失礼しましたｗ 資産を減らしてしまった方は落ち着きましょう。下落相場に対し、信用売りで釘刺しする上級者も多いでしょうが、初心者の方は、これから起きる危機に対する対処を事前に考えるだけで結果は明るい… https://t.co/k0T6QD5e2A,50,7
885369202374197248,2017-07-13 05:24:01,15%の利益が乗ったので $ETH は 0.0913 ETH/BTC で信用Longをクローズし現物を買い戻しました。,31,1
885029551151120384,2017-07-12 06:54:22,$ETH $MONA がbitbankに上場。$ETH は0.08 ETH/BTC でトレ転を検知し現在もlong保有中。強い上昇トレンドです。過去、信用ポジを取る際ツイートをして来ましたが、的中率は100%となっています。現物ではなくレバをかけるときは自信度高いです。,51,11
885025394751135745,2017-07-12 06:37:51,RT @bitbank_inc: イーサリアム(ETH/BTC)ペア追加のお知らせhttps://t.co/lBAmxlPS2h板や取引APIを通じたETH取引・入出金が可能になりました。近日中にモナーコイン(MONA)も追加予定ですので今暫くお待ちください。https…,0,36
884710653373460480,2017-07-11 09:47:11,【質問】仮想通貨を始めた理由は何ですか？短期の値動きで稼ぐため？それとも暗号通貨の将来性に賭けたのですか？後者の方は貴方のポリシーに従った行動を貴方自身とれていますか？$BTC $ETH $XEM $GBYTE $XRP… https://t.co/n0R4ZOMmud,31,7
884664989084114944,2017-07-11 06:45:44,仮想通貨が全体的に沼入り中ですね…今回はショートとるの出遅れて資産が目減りしました逆張り好きな私は急に深く沈んだ今、買いに回ってみます(｡･ω･｡)ﾉ0.08ETH/BTC でLong(買い),34,2
884660879920320513,2017-07-11 06:29:24,RT @syrohei: 【速報】11月1-4にあるイーサリアムの最大のカンファレンスであるデブコンスリーがすでに売り切れ #デブコンスリー #ETH https://t.co/USMQqzlrGT,0,11
884590427168358400,2017-07-11 01:49:27,【2017年アルト勢力予想】みんなの予想の集計結果です。4銘柄以外だとLSK人気が高いことがわかりました。2018年になったら結果とともに振り返りましょう。リクエストもあったので価格予想もそのうちやりましょうか。 https://t.co/eFuLfy6E9y,28,6
883924226847027200,2017-07-09 05:42:12,$GBYTE が一気に30%ほど板を食うSELLがでましたチャート判断する人も多く急落時はチャンスで急反発する可能性高しブロックチェーンに変わる新たなテクノロジーに期待して0.25〜0.27 GBYTE/BTC で大量に… https://t.co/GQlFt27C43,16,4
883921039129853952,2017-07-09 05:29:32,RT @alt_crypto_eth: 以前フォロアーさんからご紹介頂いたbyteball（ $GBYTE ）です。丁度エントリータイミングに良いので、売却した $LTC の利益分＋α の$BTC で購入しようと思います(｡･ω･｡)ﾉbittrexで買えるみたいです h…,0,6
883503565892755457,2017-07-08 01:50:39,不運なイーサリアム… 過去、取引所がハッキングにあうと必ず値を下げてきましたね。今回の件がどれ程の影響を受けているのか分かりませんが、ファンダメンタルズにさほど関係ない急落は黙って買いというのは株でも仮想通貨でも同じなのです。 https://t.co/NbAF0Rpzmm,39,19
882564794217136128,2017-07-05 11:40:18,【2017年アルト勢力予想】上位４銘柄のうち2017年末時点で今からの｢伸び率」が最も大きい通貨は？2018年答え合わせ！投票後リプに書き残し予想が当たった人は(´∇｀)さらに4銘柄以外のコイン予想も併記し最も伸び率高かった人は(´∇｀)回答締切7/10,52,14
882400844108320768,2017-07-05 00:48:50,$LTC は短期でかなり値を上げたので 0.0215 LTC/BTC で信用L(買い)をクローズ→現物に持ち替えましたAmazonでの採用決定は嘘との情報が広がっていますが、Amazonとかに関係なく時価総額的にも伸び代があると思います$MONA にも期待しています,21,6
882272680220565504,2017-07-04 16:19:33,$LTC は大きな売り板が食われたのか見せ板が引っ込んだのか分かりませんがまたもう一段上を目指しそう。昨日昼に利益確定し $GBYTE の購入に当て $BTC が欠乏しているので $LTC は信用L（買い）を握ります。ちょうど数時間の直近で値を下げ反発しだすこのタイミングで,21,3
882270053537726464,2017-07-04 16:09:07,【イーサリアム】シンガポール中央銀行は、イーサリアム上でトークン化されたシンガポールドル(SGD)を開発するプロジェクトの最初の段階が完了したと発表。$ETH は技術的な問題が顕在化して値を下げたもののポジティブな材料が多いですね https://t.co/9G7dsJelre,32,10
882154892860637184,2017-07-04 08:31:30,以前フォロアーさんからご紹介頂いたbyteball（ $GBYTE ）です。丁度エントリータイミングに良いので、売却した $LTC の利益分＋α の$BTC で購入しようと思います(｡･ω･｡)ﾉbittrexで買えるみたい… https://t.co/oFmeUur2pG,26,6
882079158175531008,2017-07-04 03:30:34,$LTC 強いですね。短期目線で一旦売却しました。また頃合いを見計らってエントリーするポイントを探ります,29,2
881932250912247810,2017-07-03 17:46:48,現在アマゾンの決済手段として $LTC がついに採用決定という情報で急騰中 (真偽は不明)$LTC はSegwit実装 Lightning Network によりマイクロペイメントの本流になると期待。$LTC は中長期で上がり… https://t.co/fr3QiwdIrG,26,11
881718036293574656,2017-07-03 03:35:36,アルトから $BTC に退避をすすめておりましたが $ETH に突っ込みまくります。チャート的にもゴールデンクロス形成しそうでそろそろ底でしょうね$ETC $LISK $LSK $XRP $XMR $FCT $REP… https://t.co/mHGwxFo4Lp,70,10
881452133572157442,2017-07-02 09:58:59,東京都民の方は選挙の投票行きました？投票といえば言えばインフォテリア【3853】でmijinを利用した投票が行われたとプレスリリースがあったので掲載。mijinはnemのプライベートブロックチェーン。$XEM の期待が膨らみますねhttps://t.co/QJiIzQGael,26,6
880091962786762752,2017-06-28 15:54:09,金融の世界はカネにカネが集まるので資金が多い人はかなり有利。しかし少ない資金から一気に富を築くチャンスが仮想通貨にはあります。仮想通貨はテクノロジーに強い若者へ富の移転が進むチャンスなので、若い人がたくさん儲けてその資金を元手に世… https://t.co/ksEc9pBm1K,30,6
880079982759878656,2017-06-28 15:06:33,量子コンピュータの実現はそう遠くはない未来かもしれません（1、2年とか）。テクノロジーの世界が大きく変わりそうですが仮想通貨界には激震が走るかもしれません。そんな不安の中、量子コンピュータ対抗の $QRL はかなり注目されるかも？ https://t.co/zKo4mmeYvB,23,8
880077681915600897,2017-06-28 14:57:25,仮想通貨の技術的な脅威の話で量子コンピュータの話をした際に対策及び先行投資として $QRL の保有をオススメしました。では、なぜ量子コンピュータの誕生が脅威と成り得るのか？分かり易く書いてある記事をツイートhttps://t.co/VAaSh5MBKy,39,10
879713842518831105,2017-06-27 14:51:39,"【精神安定】本当に""暴落""？初めて数ヶ月の方は急騰・急落に狼狽える方も多く焦ったDMもバンバンくるのでツイート。現在よりも凄い下げは過去何回も起きていますが俯瞰して見て下さい。大きなトレンドから見て些細なことに感じません？焦って判… https://t.co/dymn3odRB3",121,45
879507718159032321,2017-06-27 01:12:35,最近はBTCの保有割合を増してますが、今朝方アルトコインが軒並み下落していたのでこの機会にと $GAME を買い増しました https://t.co/9ijk9lfFrH,27,3
879326397826596864,2017-06-26 13:12:04,RT @sbigroup: 先日SBIバーチャル・カレンシーズがNHKの取材を受けました！仮想通貨取り引きの仲介ビジネス 参入の動き相次ぐ | NHKニュース   https://t.co/tcZQh4UKtu,0,81
878880536827117568,2017-06-25 07:40:23,今回は残念でしたが、次は仮想通貨でリベンジをお待ちしております。 https://t.co/Txmjo53Q2j,16,2
878622849929428993,2017-06-24 14:36:26,ちなみに私はこの表のトレンドに従ってBitcoinの保有を減らしているかというと、むしろ8/1を前に保有を増やしていく予定です。Bitcoinをとりまく政治状態は不安定ですが、市場が嫌気しているUAHF等は現実には起こらないと見ています。リプ続く...,37,11
878616368064503812,2017-06-24 14:10:40,【各コインの時価総額比率】今年3月のBitcoin Unlimited と Bitcoin Coreの対立が表面化したところからBitcoinの比率が激減しています。 https://t.co/KKJdo2UcSH,41,18
878428829991051264,2017-06-24 01:45:28,指針さまにありがたいツイートを頂き、なぜか関係ないキャッシュ創造の自論を展開されましたが、埋没コストなどの考え方をみなさんに知ってもらう趣旨です。不確実性下でのリターンは約束されません(ｷﾘｯ　なんて言ってたら論点が散漫になります… https://t.co/90rGsZdre6,17,1
878270857289678848,2017-06-23 15:17:44,【coincheckチャート】なんかBTCめっちゃ動いてるよ！ETHもかなり動いた！と毎日めちゃめちゃ動くように見えますが、値幅がだいぶ違いますwww さっきからどうでもいいツイートばかりすみませんw あしたは相場予想ツイートをし… https://t.co/5lrOJhDFTI,37,0
878262731224137728,2017-06-23 14:45:27,昨日の【唐突な質問】で答えていただいたことに対しての説明ですｗ７１％の方がチケット再購入を選んでくれましたね。投資はテクニカルな技術もそうですが、いかに合理的な判断をその時々で行えるかで運命が別れる局面も多いです。非合理的な人はそ… https://t.co/IERuN8km5U,66,6
878171583587549185,2017-06-23 08:43:15,$GAME は期待の振興銘柄です。MMO等のオンラインゲーム間でゲーム内価値の移転が出来たり(合法的なRMT)、自国の法定通貨に対応してないゲームに課金できたら〜と考えるとゲーム分野と仮想通貨の親和性は結構高いと思います。そして… https://t.co/aVjY2a8ons,35,8
878113468406038528,2017-06-23 04:52:20,RT @abeyutos: GameCreditsから今朝公式の案内が届きました。6月23日（金）に重大な発表をするということ。このタイミングで、「モバイルストア」の正式リリース発表かな？最近伸び悩んでいたgamecredits、2000円までサクッと言ってほしい。#Mobil…,0,15
877905098906624001,2017-06-22 15:04:20,【唐突な質問】好きなアーティストのライブに行きたいです。予算は特に制約はないけれど、そのライブは1万円出したいと思う価値があります。5000円で前売りチケット購入しましたが当日忘れて会場へ到着orz。当日券は7000円orz。あなたならどうします？4択のうち最も近いのは？,10,1
877862811312857088,2017-06-22 12:16:18,1127件もの回答ありがとうございます。私の予想は「40万円以上」です(｡･ω･｡)ﾉ ※BTCは不安定なので情勢や市場のマインド次第でこの予想は大きく外す可能性があります予想に至ったロジックをそのうちツイートしようとは思い… https://t.co/1Zkar60I0b,24,3
877725959499030528,2017-06-22 03:12:30,今日は他コインを30%ずつくらい $LTC に替えて、強めで握っています(｡･ω･｡)ﾉ$BTC $ETH $ETC $LSK $FCT $XMR $REP $XRP $ZEC $XEM $LTC $DASH https://t.co/WKOYUbBNdA,31,5
877691673886601216,2017-06-22 00:56:16,RT @bokujyuumai: 超速報:世界初？ライトコインがビットコインATMで販売するテストをアトランタで行なってる模様。ライトコインがATM対応も間近の様です #ビットコイン #Bitcoin #仮想通貨 #フィンテック #ブロックチェーン #暗号通貨 #ライトコイン…,0,32
877458299628568577,2017-06-21 09:28:55,DM来ていますが今日返しますSCですがXRPに飛びつくために830→660下落時に投げ売る行動を取った人は長い目で損しますよ。【相場心理】でツイートしましたが勝ちたければ相場急変時に感情で動くのはやめましょう(｡･ω･｡)ﾉ… https://t.co/QsjsjkrjuS,62,10
877311566059667457,2017-06-20 23:45:51,おはです。ツイートにアラートつけていらっしゃる方もいるので、急遽仕込む時や材料が出たときを除き深夜のツイートは極力控えています(｡･ω･｡)ﾉSCは強気で勝負してますがやや下げ。XRP等が強めに動き出す時、板の薄い銘柄は大型銘柄に一時的に巻き取られる危険が顕在化してしまいます,50,2
877042681834201090,2017-06-20 05:57:24,投資は欲張らず適度なタイミングで利食いすべきですしかし資産を大きく増やすには、ここぞという局面でポートフォリオを傾け全力勝負に出ることも必要です(XRPが連日急騰したような時)$SC は今780satoshiで停滞してますがさらに高みに行く考えてますので全額ホールド勝負中,49,12
877003677042475008,2017-06-20 03:22:25,一昨日 $SC を紹介させていただき、昨夜急騰直前に再度ツイートしました$SC 620satoshi → 805 satoshi now 30%gain皆さん儲かりました？材料も出たので下手に売却して高値で買い戻すのは嫌なので暫く全額ホールドします～(｡･ω･｡)ﾉ,62,2
876862369267429376,2017-06-19 18:00:54,RT @kose_crypt: $SC については、かつての$XRPの数円台からの急騰と近しいとこが起こりえると思っていて、ロングホールドです。開発陣営への信頼感、ビジョンなども明確。,0,12
876859350303637504,2017-06-19 17:48:55,"$SC 急騰開始！オベリスクまもなく！News flash! - ""Obelisk"" Coming soon!  $SC is skyrocketting now! Don't miss last chance to buy… https://t.co/Pu4cQ0w9GV",22,10
876728175929118720,2017-06-19 09:07:40,私のBitcoinの見解をツイートする前に皆さんどう捉えているか聞いてみたいです。7月末の価格予想は？#BTC #UASF #UAHF,36,9
876642899693383684,2017-06-19 03:28:49,お札や硬貨も透かしやホログラムやギザギザなど工夫を重ね、偽造の脅威に対抗すべく進化しました。仮想通貨も技術的脅威に対抗すべく新しい通貨が生まれるなら、第2、第3のビットコインが出てもおかしくないです。そう考えれば最近始めた方も小額投資で億万長者もワンチャンあります(｡･ω･｡)ﾉ,35,1
876631631250857984,2017-06-19 02:44:02,QRLの特徴を知りたいとのご質問が多いので掲載。私は投資家としての収益は本業の数十倍にのぼりますが、あくまでも本業は技術者です。そういう理由からこのような先行投資を得意にしています。なのでQRLは直近の値動きには全く興味はなく5年… https://t.co/3hTTkbygHf,20,6
876631237061783552,2017-06-19 02:42:28,QRLの特徴は？仮想通貨は楕円曲線暗号が使われてます。けど量子コンピューティング技術が実現したら、ハッシュ計算を担保にしている現行の仮想通貨はたちまち無価値になるでしょう。それに対抗したのがQRL(QRLQUANTUM RESISTANT LEDGER)量子拮抗レジャーです。,22,2
876474235480190976,2017-06-18 16:18:36,【急騰予想】$ETCを完全利確売却し $SCをさらに買い増しました$BTC $ETH $ETC $LISK $FCT $XMR $REP $XRP $ZEC $XEM $LTC $DASH　#仮想通貨 #暗号通貨 #ビットコイン,26,0
876471656415285250,2017-06-18 16:08:21,"RT @Teapot_Nick: Cloud Storage Meets Blockchain: SiaCoin Takes on Amazon, Google &amp; Microsoft https://t.co/l1egByM7uv via @Cointelegraph",0,3
876439406139158528,2017-06-18 14:00:12,【勝ってる人の予想に乗れば勝てる？】ここ最近、ご参考にして頂いている方も増えて嬉しい限りです。しかし１点考えて欲しいです。私はそもそも大した者ではないですが、億トレも素人も結果の差は甚大であれ、1エントリーでの的中差はほぼ無いので… https://t.co/vZeTVuDwaP,55,4
876405855700140032,2017-06-18 11:46:53,RT @Cryptonoobie: $SC 🚀 https://t.co/5CQaUayyI4,0,47
876340383759740928,2017-06-18 07:26:43,SCの評価理由のご質問のリプがきておりますが、チャートの形も理由の一つです。❶❷と同様❸もボリバンの幅が狭まってきたところに＋2σタッチで❹に突入。突き上げたら早々に売却予定です。 https://t.co/OQ7XQfK1e1,34,0
876332232905850883,2017-06-18 06:54:20,浮いたBTCをSCにかえました紹介したREP STRATは引き続き勝負中ですが反応までに時間を要しそうでごめんなさい中長期保有目的でcoincheck上場中堅銘柄だとZEC推奨。闇市場やマネロン目的でのデファクトとなり引き続… https://t.co/33Tnbnt91c,20,0
876028556697944066,2017-06-17 10:47:38,先程poloniexにて STRATにSTRAT/BTC 0.00314で仕込みました,39,1
875982621066407936,2017-06-17 07:45:06,フィッシング、ウイルス、GOX注意(セルフGOXもw)https://t.co/D9KsGkplMr検索からログインしない2.取引所からのメールも本物か疑う3.保管場所分散4.パスワードを各取引所やtwitterと同じに… https://t.co/OA8OvXluhQ,35,5
875926230138183680,2017-06-17 04:01:01,バブルとか言われ続けておりますがまだまだ少数なんですね。しかもこれは投資家向けに対する調査で一般の人を含めたらほぼいない感じでしょうか。まともな金融商品として見られていない証拠ですがそういう時期にやるからこそ投機のチャンスと思い手… https://t.co/tn4s1bdZwU,47,9
875795537366097920,2017-06-16 19:21:42,【BTC相場】昨日は継続する下落トレンドの中、25万円で底打ちと判断しツイート、その後相場が回復に向かい現在28万円ラインで安定基調です。購入判断に役立てて頂けていたら幸いです。なおツイートに関する補足を画像に纏めました。#BTC… https://t.co/gqgRrkKRKU,56,7
875396341614104576,2017-06-15 16:55:26,【BTC予想 短期底打ち】昨日から下落トレンドが継続しており、反発しても何度も下落をしておりましたが底打ち判断をしました。短期ではこれ以上売り叩かれず上昇基調に戻るでしょう。（ただし、UASF等の問題がありますので1週間2週間のスパンでは見通しが分かりません。1日2日の短期です）,41,9
875293345689485312,2017-06-15 10:06:10,【JPY建て表示の罠】今日は全面安でしたね。値動きが激しいので「評価額の40％くらいが自分の資産」いうくらいに思っておいたほうが気が楽だとおもいます。評価額100万円の表示が急に60万円になったらショックですし。ところで全通貨ヤバ… https://t.co/vqH8CsbQpM,90,19
875205940345094145,2017-06-15 04:18:51,皆さんbittrexのアカウントはありますか？先日ポートフォリオのお話を致しましたが、振興銘柄（時価総額が小さい）コインのうちQRLに注目しています。既に1BTC分ほどお試しで仕込み中ですが果たしていくらになるか（´-`）.｡oO… https://t.co/YLCRqohqLN,32,5
875016237331251200,2017-06-14 15:45:02,【相場心理】今日こんな風になっちゃいました？相場急変、急騰アラート…罠がいっぱい。その為に”ポートフォリオ” ”中長期目線”の重要性を伝えています。このような初心者狩りが横行、得するのは相場操作してる人。被害を減らすべく、正し… https://t.co/d1Z0BTResa,152,85
874896545140879362,2017-06-14 07:49:25,RT @IK43425426: https://t.co/Ou8rRQBj5N,0,1
874894981588275204,2017-06-14 07:43:13,REP仕込みは完了。停滞していますがpoloniexのREP/BTCレートは上抜け直前な様相。相場の基本は目をつけられていないうちにいかに仕込めるかです。こういう銘柄を狙っていきましょう。 https://t.co/ywxt5T8bZf,27,3
874844472307265536,2017-06-14 04:22:30,【複利】デイトレでバンバン稼ぎたい！軍資金が少ないから一気に増やすしかない！と焦る方も多いと思いますが、焦る必要ありますか？？焦ってなけなしの資金を失わないように注意してください。負けなければ資金はどんどん増えます。毎月1.2倍を… https://t.co/tPV1ApNPm5,47,11
874840986349965312,2017-06-14 04:08:39,ちなみに仮想通貨をやっている人は大体しっているかと思いますが、時価総額ランキングはcoincap.ioでみれます　https://t.co/IlaVD2mUwP,20,0
874840119424974849,2017-06-14 04:05:12,【時価総額別の保有比率】昨日ポートフォリオの話はしましたが、時価総額別の保有比率は考えていますか？？皆さんどれが理想ですか？それとも長期保有なんてまどろっこしいことせずデイトレでバンバン稼ぎたいですか？それについても後ほどtwee… https://t.co/bcnxt5i8L4,68,11
874833744036855810,2017-06-14 03:39:52,最近の仮想通貨ブームで、初めて投資の世界に入りましたという方々が多いようです。予想をtweet⇒的中！という方が反響が大きいのは知っております。しかし皆さんを振り回す目的ではないので、投資として負けないための基本的な考え方を初学者向けにこれからtweetします,28,0
874802890757488640,2017-06-14 01:37:16,RT @phaserlito: $XRP finally making some moves. 🚀 https://t.co/UXC1v9t7Vo,0,43
874778739598426112,2017-06-14 00:01:18,【ガラはいつ来るか？】分かりません…ただトレンドより加熱し過ぎたときは警戒。初心者の方は一旦JPYに移したり等余りやら無い方が良いと思います→利確扱いの税金、ガラが来るとは限らず利益出し損ねの機会損失、手数料 を考えるとガラが来… https://t.co/PjRMrJb39Z,15,1
874578370507325440,2017-06-13 10:45:07,【ETH（イーサリアム）現在の状況説明】先程上昇トレンド継続との予想を出した後に、価格が一時1000円程下落をしてしまい申し訳ございません。しかし、依然上昇の可能性大との見方はまだ変えておりません。むしろ上昇に向けて良い傾向が見… https://t.co/cciNy7FZzL,39,4
874498526788468738,2017-06-13 05:27:50,【短期予想】ETHイーサリアム急騰フラグ!上昇トレンド継続!現在43050円 poloniexで昨日同様の売り板出現中。依然信用売りほぼゼロ。イーサで利がかなり乗った状態なので、大きく利幅を伸ばすチャンス。引き続きイーサ多めで… https://t.co/7vQhfPT7Ni,15,4
874453719668084737,2017-06-13 02:29:47,【基本①ポートフォリオ】皆さん保有銘柄の状況はどうですか？仮想通貨は値動きが激しいので特定銘柄に集中した投資は非常に危険です。例えば主要銘柄を均等に保有した例を示します。この場合、値動きに応じて自動的に保有比率の重要度が変わり… https://t.co/c8bswa6lwH,18,3
874451112799031296,2017-06-13 02:19:26,昨夜は一瞬激しく値を落としましたが皆さん大丈夫でした？急落時は慌てないことが大切です。仮想通貨は急落しても高確率で元の値に戻ります（加熱した信用取引が刈られているだけ）ので焦って判断を誤りコインを失わないよう注意です。投資を最近始められた方が多いのでその方向けに今からつぶやきます,38,3
874153591778426881,2017-06-12 06:37:11,【長期視点】5月中旬から仮想通貨トレードを始められた方も多いかと思いますが、人気銘柄XRPとXEM。⇒上がらなくて辛いと思います。しかし売る判断は早計？むしろ買い？仮想通貨の保有目的にもよりますが、長期視点ならXEMはこれか… https://t.co/uiq29yfpU8,20,5
874134725945774080,2017-06-12 05:22:13,最近利回り4800%達成もあり、ご参考にしてくれる方が増え嬉しいです手法や根拠も気になる方が居ると思いますので明かせる部分からツイートしてみたいです【BTCは上昇継続】と予想中ですが根拠の1つとなるチャートを示します抵抗… https://t.co/RKEXA81wS1,6,0
873768627001933825,2017-06-11 05:07:29,【短期トレード作戦】Auger REP が激アツフラグなのでトレードの資金をREPに移しました。チャート上もレンジ上抜け開始。#REP #Auger #ZEC #ETH #DASH #ETC #XRP #XMR #XEM… https://t.co/xgkisuTkkO,3,0
873694328891162625,2017-06-11 00:12:15,【LISK短期天井読み成功】ETH 35000⇒37197(6.2%の上昇)LISK 431⇒397(7.8%の下落)お伝えのタイミングでLISK⇒ETHに乗り換え約15%もLISK保有継続より資金が増えましたこれ… https://t.co/xi3eIG4vnM,26,4
873597295127699456,2017-06-10 17:46:40,"イーサリアムは現在35000 そしてpoloniexに1.5億円の見せ売り板が配置【ETH上昇トレンド継続】の可能性が高いですご紹介していたLISKは""短期""ではそろそろ一旦は厳しいでしょう#ETH #LISK… https://t.co/wIZU6cHFw5",4,0
873589436813950976,2017-06-10 17:15:26,RT @alt_crypto_eth: 【速報】急騰前夜とツイートしておりましたが、みなさん仕込めましたか？イーサリアム現在急騰中。チャート的についに前回最高値の山を急に超えてきました。青天井の様相を見せておりますので、乗り遅れ注意です。上がりすぎで一瞬下がるチャンスがある…,0,2
873325010408030208,2017-06-09 23:44:42,紹介したGAME 16円⇒520円XRP 0.6円⇒40円LSK 280円⇒翌日410円NOW!!上昇中再度紹介 XRP 35円⇒32円 不発sorryDGB(現在停滞中)目が付けられていない段階で紹介できました。これからも宜しくお願いしますm(_ _)m,5,0
873207592012488704,2017-06-09 15:58:08,皆さんリスクで儲けました？？紹介してから急騰したのでお役に立ててたら嬉しいです。もう400円超えですね。ここから加速は早いです。#ETH #仮想通貨 #XRP #BTC #DASH #XMR #LSK #LISK… https://t.co/M8ASuj0dua,3,0
873071031526727682,2017-06-09 06:55:29,RT @udon_crypto: @urawazakun マイニングシステムが、たくさんLiskを持っていた方が有利なものなので、何人か何百Btc単位で出資したい人がいるのでは？(shapeshiftやMicrosoftなど）,0,1
873068633475305472,2017-06-09 06:45:57,仮想通貨LISK(LSK)がマイクロソフト社とパートナーシップを発表！！乗り遅れ注意です。まだ時価総額がかな～〜り低いので今のうちに買い占めましょう。#LISK #ETH #XRP #BTC #FCT #仮想通貨… https://t.co/RfJnIg21ko,9,2
871743332208091136,2017-06-05 14:59:41,RT @myelevenacres: @coindesk $dgb https://t.co/alrXIxNrOv,0,3
871742994948407297,2017-06-05 14:58:20,RT @dateee98: 読めたデジバイトのマイニング動画をヒカキンが撮るto the moon,0,2
871740114891821057,2017-06-05 14:46:54,RT @TV_TradingIdeas: Is DGB going to explode again? We \u2026 $DGBBTC https://t.co/jnjCAiJI3U,0,1
871692957111513096,2017-06-05 11:39:30,City bank 効果で さらなる急騰に期待のDGB ＄0.05からどこまで伸ばせるか？夏までに＄1達成なるか見物です#DGB #BTC #仮想通貨 #ビットコイン #poloniex #XRP #GAME #LISK… https://t.co/w5j81nm1e6,9,5
871687238647595008,2017-06-05 11:16:47,"【速報】デジバイトDGBさらに急騰フラグニコ生,youtubeで流行りのマインクラフトで利用、採掘可能で話題のDGByoutuberなどが宣伝することを考えたら効果は計り知れないが【city bank】が急騰に加速を… https://t.co/xx0xfizIEd",5,2
871379156235296770,2017-06-04 14:52:34,【速報】poloniex市場にてイーサリアムの買い板が0.095に1000BTC出現イーサリアムに強い買いです#ETH #ETHEREUM #cryptocurrency #仮想通貨 #BTC #XRP,2,2
871367744750354432,2017-06-04 14:07:14,【速報】急騰前夜とツイートしておりましたが、みなさん仕込めましたか？イーサリアム現在急騰中。チャート的についに前回最高値の山を急に超えてきました。青天井の様相を見せておりますので、乗り遅れ注意です。上がりすぎで一瞬下がるチャン… https://t.co/3S7poVwD07,1,2
871361224784494592,2017-06-04 13:41:19,（速報) イーサリアム最高値更新！！！急発進です https://t.co/JrQMj3fUB2,2,1
870313311417413633,2017-06-01 16:17:17,リップルは金融機関の国際送金のブリッジ通貨だけの存在だと思っていませんか？下の企業群をみてみてください。まだ伸び代は無限大リップルやイーサリアムなど仮想通貨は期待が膨らみます#XRP #ETH #BTC #仮想通貨 #FX… https://t.co/Z3cT4cAs1Y,2,1
869925214401867776,2017-05-31 14:35:08,イーサリアム本日最高値更新イーサリアムは綺麗な上昇トレンドを描いております。また買い板が圧倒的優勢でありビットコインとの時価総額争い前夜の様相です。#ETH #XRP #XMR #GNT #ETC #BTC #仮想通貨… https://t.co/mnJjpMejiL,1,0
869879415429185537,2017-05-31 11:33:08,【速報】イーサリアムETH 急騰前夜!poloniex ETH がBitcoinと並ぶ価格0.17まで残り6億円程度の売り板!強い買いの波が押し寄せてる前触れです!波に乗り遅れ注意!!!#仮想通貨 #ビットコイン… https://t.co/CBb3SGOSMN,3,0
869166970763005952,2017-05-29 12:22:08,"RT @t_ura2008: 【速報】[仮想通貨]coincheckにNEM,Litecoin,DASH追加。NEMは相場35%UP!! - https://t.co/x8QzYVUqlv#拡散希望#相互フォロー#フォロワーさんのフォロワーさんと繋がりたい#フォローした…",0,1
869166930589962241,2017-05-29 12:21:59,RT @_deSPIRIA: #NEM #XEM もう少し下がったら買いたいけど、底固い。#仮想通貨#暗号通貨#ネム#NEM最強#フィンテック#テックビューロ#Coincheck,0,1
869165878612447232,2017-05-29 12:17:48,RT @fallout_tokyo: リップルの銀行間国際送金網における必要時価総額の算出。1日に12兆円、700万回の取引量がある。それを仮に300億xrpで運用しようとすると1xrp辺り400円の価値が必要。その場合xrpの時価総額で表すと約12兆円となる。現在の時価総額は…,0,42
868857109512769536,2017-05-28 15:50:52,今日はみなさんGNTで儲かりましたか？そろそろリップルXRPが爆上げ間近なので握力全開でいきましょうね。,2,1
859694022377447425,2017-05-03 09:00:01,仮想通貨 GNTに乗り遅れるなpoloniexで伸び率NO.1 のgolem(GNT)分散コンピューティングによるシェアリングエコノミーの先駆け。XEMを越えるか？https://t.co/mBv7050ns9,2,0
848660486379810816,2017-04-02 22:16:41,RT @cheerio2m: 全銀協資料 XRPによる銀行間送金について書かれてますhttps://t.co/ydvN9ATU9R#Ripple #XRP https://t.co/4Au68ZNgVe,0,8
848652751173177345,2017-04-02 21:45:57,Ripple（XRP）がロケット発射寸前です。前日比でも2倍を越えてます。BTCのような不安定さは無く非常にオススメ。UFJのニュースにも反応してる模様で非常に強い天上知らずな相場。#XRP #Ripple #リップル… https://t.co/JHofnL2DQ4,2,1
848285009471430656,2017-04-01 21:24:41,リップルXRPにはBTCの不安定さは無く、金融機関でも採用される技術XRPは今後価値上昇を見込めます#ビットコイン #FX #仮想通貨 #暗号通貨 #リップル #XRP #銀行 #フィンテック #fintech https://t.co/PIb1YSgFWS,21,10
843405839402594306,2017-03-19 10:16:36,RT @ihrimi2115: ハードフォークは美味しくない｜ビットコインの危機 https://t.co/ulCrc5Fc6L @cocostajpさんから,0,2
843399271676223488,2017-03-19 09:50:30,今のビットコインはかなり危険。安値でも安易に手を出すと火傷します。もう過去のビットコインではなくなりそうです。私の書き込みを見て拡散してください。#ビットコイン,1,0
800724711529324544,2016-11-21 15:37:02,RT @cryptoanntena: 仮想通貨ニュースサイト / クリプトカレンシーマガジン 【GameCreditsが 1】 https://t.co/u0icy19jy1,0,1
800722066626396160,2016-11-21 15:26:32,ついにGAMEコイン実装ゲームがリリース！！まずはdatcroft社発のユーザ数600万人のオンラインゲームfragoriaから始動！その他各社と提携しておりモバイルゲームもリリース予定！ https://t.co/XsjuwoCoY8,1,0
800716432065470465,2016-11-21 15:04:08,RT @cryptpark: GameCreditsは、800万人の登録者がいるRPGゲーム Fragoriaで始まります。#仮想通貨 #ビットコイン #暗号通貨 #BTC https://t.co/PDtELkSThH,0,4
800716393968640000,2016-11-21 15:03:59,RT @Game_Credits: Sign up on our web wallet to be eligible for our Dec 7th Thunderclap giveaway! https://t.co/pKjKqdd20H  #blockchain #alt…,0,63
